{
  "meta_title": "",
  "meta_description": "",
  "sections": [
    {
      "type": "banner-slider",
      "autoplay": 9000,
      "full_width": true,
      "slides": [
        {
          "start": "",
          "end": "",
          "img": "/img/uploads/banner-sirius.png"
        }
      ]
    },
    {
      "type": "info-bar",
      "enabled": false
    },
    {
      "type": "collection-shelf",
      "shuffle": true,
      "collection_id": null,
      "sort": "sales",
      "title": "Produtos Populares",
      "headless": false,
      "limit": 12,
      "page": 1
    },
    {
      "type": "banners-grid",
      "banners": [
        {
          "img": "/img/uploads/foto_agua_de_banho_site_estrela_sirius-1-.jpeg"
        },
        {
          "img": "/img/uploads/foto_escalda_pes_site.jpeg"
        },
        {
          "img": "/img/uploads/foto_kit_especial_site_estrela_sirius-2-.jpeg"
        }
      ]
    },
    {
      "type": "collection-shelf",
      "shuffle": false,
      "limit": 12,
      "page": 1,
      "sort": "sales",
      "title": "Produtos Populares",
      "headless": true
    },
    {
      "type": "dynamic-showcase",
      "load_more": true,
      "sort": "views"
    }
  ]
}